City_ID,City,Lat,Lng,Max Temp,Humidity,Cloudiness,Wind Speed,Country,Date
0,port-aux-francais,-49.35,70.2167,275.1,57,79,3.58,TF,1690782507
1,adamstown,-25.066,-130.1015,292.24,57,9,9.86,PN,1690782407
2,west island,-12.1568,96.8225,299.14,83,75,7.72,CC,1690782510
3,shimoda,34.6667,138.95,304.87,73,99,5.23,JP,1690782511
4,petropavlovsk-kamchatsky,53.0452,158.6483,286.48,88,75,5.0,RU,1690782512
5,xique xique,-10.8217,-42.7311,295.33,67,26,7.75,BR,1690782515
6,colonia,50.9333,6.95,291.81,79,75,2.57,DE,1690782516
7,tiksi,71.6872,128.8694,277.94,82,49,4.14,RU,1690782517
8,talcahuano,-36.7167,-73.1167,284.97,100,100,1.03,CL,1690782518
9,grytviken,-54.2811,-36.5092,271.07,81,100,6.26,GS,1690782405
10,rio grande,-32.035,-52.0986,282.01,84,95,2.76,BR,1690782460
11,vorgashor,67.5833,63.95,296.1,50,88,2.79,RU,1690782523
12,college,64.8569,-147.8028,294.59,70,75,1.54,US,1690782524
13,hawaiian paradise park,19.5933,-154.9731,297.88,94,40,4.63,US,1690782525
14,severo-yeniseyskiy,60.3725,93.0408,294.06,86,99,0.12,RU,1690782527
15,ghat,24.9647,10.1728,306.98,11,40,1.19,LY,1690782528
16,aasiaat,68.7098,-52.8699,275.91,91,100,2.44,GL,1690782529
17,nueva gerona,21.8833,-82.8,301.42,74,100,0.85,CU,1690782530
18,tolanaro,-25.0319,46.9987,290.19,94,20,1.03,MG,1690782532
19,tazovsky,67.4667,78.7,290.1,72,30,4.81,RU,1690782533
20,mawlaik,23.6333,94.4167,302.32,92,94,1.7,MM,1690782534
21,whitehorse,60.7161,-135.0538,293.88,65,75,4.02,CA,1690782463
22,hithadhoo,-0.6,73.0833,301.09,73,72,1.13,MV,1690782536
23,brisas de zicatela,15.8369,-97.0419,299.98,78,94,2.61,MX,1690782538
24,muroto-misakicho,33.2833,134.15,301.52,79,100,1.88,JP,1690782539
25,sohar,24.3643,56.7468,306.16,70,30,3.09,OM,1690782540
26,hue,16.4667,107.6,309.21,44,75,5.66,VN,1690782541
27,labuan,5.2767,115.2417,304.35,74,20,1.03,MY,1690782542
28,invercargill,-46.4,168.35,283.16,85,70,5.81,NZ,1690782545
29,cururupu,-1.8283,-44.8683,296.96,96,16,1.93,BR,1690782282
30,brokopondo,4.75,-55.1667,298.01,90,43,2.89,SR,1690782547
31,waingapu,-9.6567,120.2641,302.48,56,6,7.35,ID,1690782549
32,puerto ayora,-0.7393,-90.3518,297.34,96,61,2.24,EC,1690782550
33,tukrah,32.5341,20.5791,300.7,65,0,5.43,LY,1690782551
34,al hasakah,36.5024,40.7477,304.15,38,0,1.33,SY,1690782552
35,nemuro,43.3236,145.575,292.43,96,99,7.03,JP,1690782553
36,yambio,4.5721,28.3955,294.68,95,99,0.96,SS,1690782555
37,talnakh,69.4865,88.3972,296.71,63,41,4.05,RU,1690782405
38,nizhneudinsk,54.9076,99.0276,303.91,33,11,1.88,RU,1690782557
39,mount pearl,47.5166,-52.7813,287.67,97,100,2.57,CA,1690782558
40,antsiranana,-12.2787,49.2917,299.57,61,40,6.17,MG,1690782560
41,kapuskasing,49.4169,-82.4331,281.2,87,20,1.54,CA,1690782561
42,stanley,54.868,-1.6985,287.99,94,100,1.03,GB,1690782562
43,puerto natales,-51.7236,-72.4875,271.44,88,56,2.68,CL,1690782563
44,bilibino,68.0546,166.4372,280.46,89,100,1.1,RU,1690782564
45,cabo san lucas,22.8909,-109.9124,304.55,61,0,6.23,MX,1690782566
46,mizque,-17.941,-65.3402,285.41,78,0,0.37,BO,1690782567
47,taoudenni,22.6783,-3.9836,307.57,26,6,5.65,ML,1690782569
48,yellowknife,62.456,-114.3525,293.46,72,25,1.79,CA,1690782570
49,salaberry-de-valleyfield,45.2501,-74.1325,289.36,98,90,1.54,CA,1690782356
50,east london,-33.0153,27.9116,286.67,47,0,8.23,ZA,1690782572
51,south hedland,-20.4089,118.5983,304.11,11,40,6.69,AU,1690782574
52,janakkala,60.9,24.6,288.6,87,98,2.26,FI,1690782575
53,papatowai,-46.5619,169.4708,281.87,91,88,4.75,NZ,1690782576
54,wailua homesteads,22.0669,-159.378,300.39,81,40,6.17,US,1690782423
55,blackmans bay,-43.0167,147.3167,284.22,77,42,9.42,AU,1690782578
56,leo,11.1,-2.1,296.78,86,100,2.82,BF,1690782580
57,ancud,-41.8697,-73.8203,283.37,93,100,3.36,CL,1690782452
58,milicz,51.5277,17.2714,290.29,67,100,3.57,PL,1690782496
59,merizo village,13.2658,144.6691,304.46,77,92,5.5,GU,1690782583
60,ushuaia,-54.8,-68.3,275.96,81,0,11.32,AR,1690782584
61,ambon,-3.6954,128.1814,300.23,78,40,3.09,ID,1690782586
62,waitangi,-43.9535,-176.5597,281.38,92,50,0.89,NZ,1690782404
63,hotan,37.0997,79.9269,303.93,20,2,3.54,CN,1690782588
64,longyearbyen,78.2186,15.6401,282.06,66,75,1.03,SJ,1690782422
65,padang,-0.9492,100.3543,304.18,77,97,2.31,ID,1690782590
66,thompson,55.7435,-97.8558,287.24,100,100,0.0,CA,1690782592
67,albany,42.6001,-73.9662,289.22,88,18,0.89,US,1690782413
68,bethel,41.3712,-73.414,290.09,82,0,2.06,US,1690782450
69,neya,58.2972,43.8681,292.6,84,57,1.06,RU,1690782595
70,mount gambier,-37.8333,140.7667,286.16,79,75,6.99,AU,1690782391
71,oskarshamn,57.2645,16.4484,288.7,78,100,2.25,SE,1690782598
72,olinda,-8.0089,-34.8553,296.0,94,20,2.57,BR,1690782599
73,nuuk,64.1835,-51.7216,275.49,100,100,3.09,GL,1690782034
74,malango,-2.9627,119.9001,301.69,49,33,2.68,ID,1690782601
75,nova vicosa,-17.8919,-39.3719,294.36,78,100,4.18,BR,1690782603
76,nizhnyaya tavda,57.6731,66.1725,295.66,71,50,2.52,RU,1690782604
77,iqaluit,63.7506,-68.5145,277.98,93,100,1.34,CA,1690782374
78,iligan city,8.25,124.4,303.56,63,31,2.96,PH,1690782606
79,saudarkrokur,65.7461,-19.6394,282.52,92,100,1.23,IS,1690782607
80,zouerate,22.7187,-12.4521,300.91,37,8,5.52,MR,1690782609
81,vernon,50.2581,-119.2691,295.49,37,35,0.51,CA,1690782464
82,udachny,66.4167,112.4,296.18,30,18,4.12,RU,1690782611
83,margaret river,-33.95,115.0667,289.02,56,76,3.42,AU,1690782612
84,bodmin,50.4715,-4.7243,289.51,94,75,5.14,GB,1690782614
85,mogadishu,2.0371,45.3438,299.08,89,40,5.14,SO,1690782428
86,edinburgh of the seven seas,-37.0676,-12.3116,286.67,91,100,7.79,SH,1690782616
87,crane,31.3974,-102.3501,301.8,40,46,4.76,US,1690782617
88,bardai,11.65,7.2333,296.4,85,80,3.43,NG,1690782455
89,aykhal,66.0,111.5,294.85,28,60,5.1,RU,1690782620
90,afaahiti,-17.75,-149.2833,297.08,77,57,8.96,PF,1690782444
91,bredasdorp,-34.5322,20.0403,283.31,77,85,6.77,ZA,1690782623
92,cherdyn',60.403,56.4787,298.53,42,3,4.62,RU,1690782624
93,nikolayevsk-on-amure,53.1406,140.73,300.78,37,16,3.07,RU,1690782626
94,port isabel,26.0734,-97.2086,302.6,86,0,4.12,US,1690782627
95,samfya,-11.3649,29.5565,291.73,42,6,2.03,ZM,1690782628
96,raja,8.4596,25.678,295.06,94,100,0.46,SS,1690782629
97,alpu,39.769,30.9606,294.46,49,0,0.64,TR,1690782632
98,saint ann's bay,18.4358,-77.201,296.42,77,31,3.32,JM,1690782633
99,talara,-4.5772,-81.2719,294.34,84,8,5.49,PE,1690782634
100,remire-montjoly,4.9167,-52.2667,296.17,94,0,1.03,GF,1690782635
101,mohr,54.3528,9.7167,288.2,94,75,4.63,DE,1690782637
102,videira,-27.0083,-51.1517,282.83,97,28,0.66,BR,1690782638
103,lebu,-37.6167,-73.65,285.53,89,100,2.96,CL,1690782639
104,nyazepetrovsk,56.0531,59.6028,295.31,54,96,3.76,RU,1690782640
105,salmon arm,50.6998,-119.3024,295.77,30,25,0.51,CA,1690782641
106,nova sintra,14.8667,-24.7167,296.27,82,99,1.79,CV,1690782643
107,ust'-ilimsk,58.0006,102.6619,291.53,93,100,3.6,RU,1690782644
108,hoa binh,20.8133,105.3383,305.37,76,99,0.76,VN,1690782645
109,sanctuary point,-35.1114,150.629,294.37,38,0,3.77,AU,1690782647
110,carnarvon,-24.8667,113.6333,296.23,30,0,2.07,AU,1690782450
111,olonkinbyen,70.9221,-8.7187,279.43,89,100,1.4,SJ,1690782411
112,masterton,-40.9597,175.6575,284.75,85,50,4.0,NZ,1690782651
113,badger,64.8,-147.5333,294.55,73,100,1.54,US,1690782652
114,aden,12.7794,45.0367,304.13,67,59,5.44,YE,1690782654
115,oranjemund,-28.55,16.4333,283.07,70,0,4.34,NA,1690782655
116,singkil,-7.9855,111.4161,302.35,48,17,2.94,ID,1690782489
117,xilin hot,43.9667,116.0333,302.92,39,100,5.16,CN,1690782657
118,purpe,64.4803,76.6897,295.52,56,43,6.06,RU,1690782658
119,lihue,21.9789,-159.3672,300.73,76,40,6.17,US,1690782660
120,miquelon,47.0975,-56.3814,289.15,89,88,3.74,PM,1690782661
121,abu dhabi,24.4667,54.3667,308.12,62,0,1.54,AE,1690782662
122,jertih,5.7336,102.4897,299.63,88,100,2.05,MY,1690782663
123,leh,34.1667,77.5833,293.0,33,31,2.12,IN,1690782664
124,katsuren-haebaru,26.3369,127.8719,304.36,75,75,12.35,JP,1690782666
125,constantia,44.1833,28.65,296.53,65,30,3.16,RO,1690782412
126,vinhais,41.8351,-7.005,287.83,60,0,1.72,PT,1690782668
127,nishinoomote,30.7333,131.0,299.46,100,75,4.12,JP,1690782669
128,kirkwood,38.5834,-90.4068,299.03,81,75,3.6,US,1690782390
129,hadibu,12.65,54.0333,299.86,76,53,11.51,YE,1690782415
130,huarmey,-10.0681,-78.1522,292.59,85,31,3.72,PE,1690782673
131,keflavik,64.0049,-22.5624,284.1,93,75,1.54,IS,1690782674
132,ugoofaaru,5.6667,73.0,301.5,77,100,4.69,MV,1690782675
133,barcelos,41.5388,-8.6151,289.77,80,0,1.11,PT,1690782677
134,happy valley-goose bay,53.3168,-60.3315,286.32,88,100,2.06,CA,1690782679
135,altai,46.3722,96.2583,292.99,44,100,6.04,MN,1690782680
136,polyarnyye zori,67.3661,32.4981,290.19,76,7,0.85,RU,1690782453
137,irati,-25.4672,-50.6511,282.5,98,20,0.28,BR,1690782683
138,canchungo,12.0672,-16.0333,298.22,92,98,1.18,GW,1690782684
139,puerto baquerizo moreno,-0.9,-89.6,297.49,83,74,5.5,EC,1690782685
140,vanimo,-2.6741,141.3028,302.75,68,59,2.49,PG,1690782686
141,akrehamn,59.2667,5.1833,287.29,94,20,1.03,NO,1690782688
142,viedma,-40.8135,-62.9967,282.78,72,54,4.0,AR,1690782511
143,holualoa,19.6228,-155.9522,298.06,71,40,2.06,US,1690782690
144,chonchi,-42.6128,-73.8092,281.71,94,100,2.72,CL,1690782449
145,boende,-0.2167,20.8667,298.04,79,58,1.12,CD,1690782693
146,tucuma,-0.1833,-50.05,297.24,93,3,2.58,BR,1690782436
147,saanen,46.4896,7.2596,286.22,75,85,0.91,CH,1690782566
148,wick,58.4333,-3.0833,284.18,93,75,0.0,GB,1690782696
149,portland,45.5234,-122.6762,294.47,63,0,3.09,US,1690782430
150,gohpur,26.8833,93.6333,308.08,60,82,1.95,IN,1690782699
151,tilcara,-23.5776,-65.3509,279.37,27,0,1.67,AR,1690782700
152,bubaque,11.2833,-15.8333,299.55,79,100,4.02,GW,1690782701
153,la passe,45.5549,-0.8967,292.03,81,20,2.77,FR,1690782702
154,sisimiut,66.9395,-53.6735,277.75,87,100,1.23,GL,1690782704
155,jamestown,42.097,-79.2353,292.92,88,0,2.06,US,1690782436
156,porto novo,6.4965,2.6036,298.05,96,92,1.84,BJ,1690782706
157,matadi,-5.8167,13.45,292.94,86,14,1.0,CD,1690782707
158,avarua,-21.2078,-159.775,298.18,94,67,2.06,CK,1690782708
159,richards bay,-28.783,32.0377,289.06,70,15,1.65,ZA,1690782710
160,faxinal,-24.0003,-51.3194,284.72,89,0,1.08,BR,1690782711
161,san felice circeo,41.2372,13.0942,298.24,99,63,0.89,IT,1690782712
162,galveston,29.3669,-94.9669,302.57,84,0,3.6,US,1690782656
163,naze,28.3667,129.4833,301.66,90,100,10.83,JP,1690782716
164,prestea,5.4327,-2.1428,295.7,98,66,1.0,GH,1690782717
165,susuman,62.7833,148.1667,281.95,81,100,2.54,RU,1690782718
166,choele choel,-39.2667,-65.6833,286.51,66,100,0.96,AR,1690782719
167,reggane,26.7158,0.1714,309.71,9,0,5.21,DZ,1690782721
168,kayangel,8.0823,134.7173,302.17,74,83,3.01,PW,1690782722
169,vilyuchinsk,52.9306,158.4028,287.3,85,97,3.17,RU,1690782723
170,luderitz,-26.6481,15.1594,284.51,49,0,4.64,NA,1690782724
171,alofi,-19.0595,-169.9187,294.09,94,100,4.63,NU,1690782725
172,midvagur,62.0511,-7.1939,285.61,82,75,1.54,FO,1690782727
173,benghazi,32.1167,20.0667,300.43,69,0,5.75,LY,1690782728
174,sao miguel,-5.4667,-35.3667,296.58,89,3,6.25,BR,1690782729
175,vila franca do campo,37.7167,-25.4333,296.38,91,3,1.33,PT,1690782730
176,baiti,13.745,-14.7482,296.74,89,100,2.49,SN,1690782732
177,najran,17.4924,44.1277,305.51,17,71,4.74,SA,1690782733
178,anadyr,64.75,177.4833,286.43,87,75,2.0,RU,1690782734
179,port lincoln,-34.7333,135.8667,287.84,71,99,5.79,AU,1690782735
180,balimila,18.25,82.1333,297.7,93,100,2.11,IN,1690782736
181,jiamusi,46.8333,130.35,303.9,47,34,1.73,CN,1690782592
182,tumayr,25.7039,45.868,312.64,7,9,6.08,SA,1690782739
183,coahuayana de hidalgo,18.7,-103.6583,298.8,92,97,1.98,MX,1690782740
184,lhasa,29.65,91.1,294.12,49,100,2.04,CN,1690782741
185,hermanus,-34.4187,19.2345,284.15,75,84,7.42,ZA,1690782743
186,tsiombe,-25.3,45.4833,295.19,36,75,2.04,MG,1690782744
187,smithers,54.7804,-127.1743,290.33,59,75,2.57,CA,1690782465
188,weno,7.4515,151.8468,302.14,71,11,4.43,FM,1690782747
189,rongelap,11.1635,166.8941,301.8,78,100,8.24,MH,1690782748
190,sasayama,35.0667,135.2167,306.88,57,100,4.05,JP,1690782751
191,enewetak,11.3474,162.3373,301.53,81,96,6.73,MH,1690782752
192,dongdu,35.85,117.7,302.97,72,96,6.36,CN,1690782753
193,changtu,42.7788,124.0955,302.55,68,98,3.88,CN,1690782754
194,haiku-pauwela,20.9219,-156.3051,299.16,70,20,8.23,US,1690782756
195,ishii,34.0667,134.4333,305.32,79,75,5.66,JP,1690782757
196,mil'kovo,55.6078,37.7956,294.37,53,68,2.99,RU,1690782758
197,ad dilam,23.9915,47.1627,312.38,9,19,3.01,SA,1690782759
198,ulladulla,-35.35,150.4667,292.91,39,0,2.88,AU,1690782468
199,oriximina,-1.7656,-55.8661,298.08,72,5,1.7,BR,1690782512
200,bikenibeu village,1.3673,173.1241,302.13,79,100,7.72,KI,1690782763
201,puerto real,36.5282,-6.1901,294.24,88,0,0.0,ES,1690782764
202,taroa,8.7058,171.2275,301.53,80,87,7.68,MH,1690782483
203,madang,-5.2246,145.7966,300.9,78,99,1.92,PG,1690782767
204,isafjordur,66.0755,-23.124,281.6,92,21,1.69,IS,1690782768
205,dudinka,69.4058,86.1778,295.53,62,66,6.76,RU,1690782769
206,opuwo,-18.0607,13.84,284.23,26,0,3.63,NA,1690782770
207,kingston,17.997,-76.7936,301.68,80,20,3.09,JM,1690782771
208,monduli,-3.3,36.45,288.24,62,56,2.49,TZ,1690782773
209,el calafate,-50.3408,-72.2768,269.01,75,51,1.22,AR,1690782774
210,antalaha,-14.9003,50.2788,297.08,75,45,2.85,MG,1690782775
211,ingeniero jacobacci,-41.3427,-69.5448,279.65,78,100,2.64,AR,1690782776
212,inhapi,-9.2214,-37.7486,289.61,99,15,1.54,BR,1690782778
213,tura,25.5198,90.2201,305.21,66,88,1.33,IN,1690782779
214,guerrero negro,27.9769,-114.0611,294.5,83,0,4.22,MX,1690782503
215,punta del este,-34.9667,-54.95,287.02,87,0,2.06,UY,1690782782
216,bujaru,-1.515,-48.0447,295.27,99,10,1.12,BR,1690782784
217,port shepstone,-30.7414,30.455,287.19,45,0,2.58,ZA,1690782785
218,qaqortoq,60.7167,-46.0333,279.25,83,84,0.72,GL,1690782786
219,chimbote,-9.0853,-78.5783,292.71,85,29,3.42,PE,1690782787
220,jatai,-17.8814,-51.7144,291.57,57,0,1.86,BR,1690782788
221,ostersund,63.1792,14.6357,288.49,94,75,4.12,SE,1690782790
222,takoradi,4.8845,-1.7554,296.98,92,57,2.84,GH,1690782791
223,klyuchi,52.2667,79.1667,301.56,36,0,3.72,RU,1690782792
224,bamnet narong,15.4992,101.6897,302.73,69,100,7.35,TH,1690782793
225,san antonio de pale,-1.4014,5.6325,295.68,79,82,6.91,GQ,1690782795
226,kununurra,-15.7667,128.7333,307.14,27,44,4.12,AU,1690782796
227,ta`u,-14.2336,-169.5144,300.13,78,84,4.39,AS,1690782797
228,kudat,6.8837,116.8477,305.11,74,20,3.13,MY,1690782798
229,mashhad,36.297,59.6062,306.23,27,0,5.14,IR,1690782799
230,daru,-9.0763,143.2092,299.33,74,92,4.8,PG,1690782801
231,nantucket,41.2835,-70.0995,295.18,88,0,3.6,US,1690782802
232,kill devil hills,36.0307,-75.676,297.03,72,0,2.06,US,1690782804
233,port mathurin,-19.6833,63.4167,296.57,71,71,9.18,MU,1690782806
234,marquette,46.5333,-87.6335,288.35,81,9,0.89,US,1690782807
235,bathsheba,13.2167,-59.5167,301.49,89,40,3.6,BB,1690782808
236,cody,44.5263,-109.0565,293.27,60,0,0.0,US,1690782679
237,saipan,15.1355,145.701,304.54,100,20,5.14,MP,1690782810
238,papao,-17.75,-149.55,297.97,74,64,10.37,PF,1690782519
239,kodiak,57.79,-152.4072,290.88,59,0,0.0,US,1690782813
240,namibe,-15.1961,12.1522,288.65,85,9,0.76,AO,1690782814
241,georgetown,5.4112,100.3354,302.11,82,20,1.54,MY,1690782805
242,sittwe,20.15,92.9,301.04,86,100,9.78,MM,1690782816
243,dongcun,36.7767,121.1597,301.91,77,94,5.68,CN,1690782818
244,verkhnevilyuysk,63.4453,120.3167,294.67,24,0,4.64,RU,1690782819
245,newman,37.3138,-121.0208,301.14,47,98,0.45,US,1690782783
246,singaraja,-8.112,115.0882,301.79,63,45,1.99,ID,1690782821
247,kirs,59.3388,52.2447,295.65,71,3,4.23,RU,1690782823
248,utrik,11.2278,169.8474,301.63,80,96,8.12,MH,1690782825
249,pijino del carmen,9.3291,-74.453,296.06,94,100,1.99,CO,1690782826
250,labrador city,52.9463,-66.9114,277.1,100,20,1.54,CA,1690782610
251,nizhnevartovsk,60.9344,76.5531,293.16,100,100,4.0,RU,1690782541
252,taltal,-25.4,-70.4833,289.65,77,36,1.42,CL,1690782830
253,tamanrasset,22.785,5.5228,296.1,15,0,2.06,DZ,1690782831
254,trinidad,-14.8333,-64.9,295.38,57,1,0.98,BO,1690782657
255,iskateley,67.6803,53.1512,299.61,64,70,4.37,RU,1690782833
256,akdepe,42.0551,59.3788,306.2,16,32,3.71,TM,1690782835
257,cumana,10.4635,-64.1775,298.98,82,76,1.8,VE,1690782836
258,greymouth,-42.4667,171.2,283.39,90,65,3.77,NZ,1690782837
259,island harbour,50.724,-1.2758,291.57,96,100,2.68,GB,1690782838
260,ketchikan,55.3422,-131.6461,288.14,100,100,2.06,US,1690782839
261,mahibadhoo,3.7833,72.9667,301.42,74,99,3.41,MV,1690782841
262,al hazm,16.1641,44.7769,308.17,23,88,4.83,YE,1690782842
263,imeni morozova,59.9757,31.0376,293.68,58,100,1.37,RU,1690782843
264,ilulissat,69.2167,-51.1,277.16,100,100,2.06,GL,1690782844
265,uturoa,-16.7333,-151.4333,299.53,77,47,9.3,PF,1690782846
266,farasan,16.7022,42.1183,304.28,81,79,4.41,SA,1690782847
267,sopur,34.3,74.4667,299.69,52,0,1.43,IN,1690782848
268,ghogha,21.6833,72.2833,303.78,69,99,7.9,IN,1690782849
269,bel ombre,-4.6167,55.4167,300.06,78,40,5.14,SC,1690782851
270,zabol,32.25,67.25,302.79,21,9,2.51,AF,1690782852
271,st. john's,47.5649,-52.7093,288.13,97,100,2.57,CA,1690782853
272,la ronge,55.1001,-105.2842,291.29,72,40,1.54,CA,1690782854
273,alto araguaia,-17.3147,-53.2153,291.61,51,34,1.86,BR,1690782856
274,lompoc,34.6391,-120.4579,290.23,89,0,1.54,US,1690782857
275,atafu village,-8.5421,-172.5159,301.41,78,61,7.28,TK,1690782793
276,baley,51.6,116.6333,306.5,24,94,6.43,RU,1690782859
277,lamu,-2.2717,40.902,298.27,70,53,6.47,KE,1690782861
278,ust-nera,64.5667,143.2,281.07,95,100,3.24,RU,1690782862
279,tsimlyansk,47.6461,42.1019,299.96,40,9,0.44,RU,1690782863
280,lashio,22.9333,97.75,296.26,97,100,0.9,MM,1690782864
281,hinton,53.4001,-117.5857,284.76,95,33,1.89,CA,1690782866
282,micheweni,-4.9667,39.8333,298.67,67,67,5.76,TZ,1690782867
283,tannum sands,-23.9504,151.3693,297.09,46,68,4.63,AU,1690782868
284,sibolga,1.7427,98.7792,302.95,65,100,2.15,ID,1690782869
285,oban,56.4127,-5.4706,286.14,90,100,1.85,GB,1690782870
286,fortaleza,-3.7227,-38.5247,300.49,74,75,9.26,BR,1690782641
287,sitka,57.0531,-135.33,288.09,88,100,1.54,US,1690782687
288,douvres-la-delivrande,49.2947,-0.3804,291.45,77,75,7.2,FR,1690782874
289,tofol,5.3248,163.0078,304.03,74,75,1.54,FM,1690782875
290,plastun,44.7561,136.2939,300.53,61,42,0.63,RU,1690782876
291,jingling,30.65,113.1,306.08,69,84,4.39,CN,1690782878
292,sanming,26.2486,117.6186,303.22,78,86,1.2,CN,1690782879
293,acarau,-2.8856,-40.12,299.04,82,2,6.81,BR,1690782880
294,alice springs,-23.7,133.8833,297.9,29,29,5.66,AU,1690782763
295,kaoma,-14.7833,24.8,287.21,31,17,3.35,ZM,1690782882
296,nema,57.5067,50.5011,296.16,71,68,2.25,RU,1690782884
297,bengkulu,-3.8004,102.2655,302.28,68,21,5.09,ID,1690782883
298,petrovsk-zabaykal'skiy,51.273,108.843,304.96,31,99,1.45,RU,1690782886
299,bintulu,3.1667,113.0333,305.38,66,20,2.68,MY,1690782826
300,santa elena,-2.2333,-80.85,295.78,80,55,3.05,EC,1690782888
301,colonia menno,-22.3667,-59.8167,294.64,55,0,3.61,PY,1690782890
302,yuksekova,37.5736,44.2872,292.01,34,20,0.0,TR,1690782891
303,mana,5.6592,-53.7767,297.92,91,4,3.78,GF,1690782893
304,fort st. john,56.2499,-120.8529,291.09,52,75,6.17,CA,1690782895
305,ribeira grande,38.5167,-28.7,295.8,97,14,0.89,PT,1690782896
306,umluj,25.0213,37.2685,305.19,52,2,1.55,SA,1690782898
307,carmo do rio claro,-20.9719,-46.1189,286.97,91,3,0.78,BR,1690782901
308,khandyga,62.6667,135.6,293.94,49,51,2.41,RU,1690782902
309,saldanha,-33.0117,17.9442,282.18,74,75,4.74,ZA,1690782903
310,iwanai,42.9744,140.5089,295.46,94,100,2.16,JP,1690782904
311,turpan,42.9333,89.1667,310.12,24,95,4.93,CN,1690782905
312,ponta delgada,37.7333,-25.6667,296.55,88,75,1.54,PT,1690782907
313,banda aceh,5.5577,95.3222,303.74,66,96,7.03,ID,1690782908
314,tierp,60.3427,17.5181,290.91,81,97,1.2,SE,1690782909
315,medicine hat,50.0501,-110.6683,291.39,82,75,3.09,CA,1690782912
316,jiangzi,28.95,89.6333,290.57,31,60,1.93,CN,1690782913
317,ollon,46.2952,6.9931,290.05,85,86,1.09,CH,1690782914
318,abepura,-2.6333,140.5833,307.6,43,20,2.57,ID,1690782915
319,ciudad insurgentes,25.2625,-111.7753,298.09,66,1,3.93,MX,1690782916
320,selfoss,63.9331,-20.9971,284.84,94,98,0.8,IS,1690782918
321,temiskaming shores,47.4938,-79.7153,285.04,96,91,1.83,CA,1690782919
322,agapovka,53.2973,59.1348,300.34,49,11,3.46,RU,1690782920
323,extrema,-22.8547,-46.3183,284.99,94,2,1.43,BR,1690782921
324,klaksvik,62.2266,-6.589,285.66,96,100,4.61,FO,1690782923
325,luganville,-15.5333,167.1667,295.98,81,78,4.8,VU,1690782924
326,el bayadh,33.6832,1.0193,299.77,27,70,1.87,DZ,1690782832
327,flying fish cove,-10.4217,105.6791,298.97,69,75,6.69,CX,1690782926
328,fale old settlement,-9.3852,-171.2468,301.66,76,59,6.81,TK,1690782928
329,iquique,-20.2208,-70.1431,291.17,75,8,0.89,CL,1690782929
330,port elizabeth,-33.918,25.5701,285.43,62,20,9.26,ZA,1690782930
331,tefe,-3.3542,-64.7114,298.31,74,85,0.63,BR,1690782931
332,chernyshevskiy,63.0128,112.4714,298.16,31,60,5.15,RU,1690782934
333,hamilton,39.1834,-84.5333,295.12,84,0,0.45,US,1690782824
334,great falls,47.5002,-111.3008,296.71,59,0,2.57,US,1690782936
335,tarawa,1.419,172.984,300.2,89,100,7.72,KI,1690782937
336,wusong,30.95,117.7833,302.23,82,98,1.11,CN,1690782938
337,allanridge,-27.7543,26.6438,274.13,60,0,1.9,ZA,1690782940
338,cave creek,33.8333,-111.9508,307.97,30,59,4.12,US,1690782941
339,yatou,37.15,122.3833,302.44,70,85,5.03,CN,1690782942
340,la punta,-33.1837,-66.3127,287.85,51,100,2.4,AR,1690782943
341,mezhdurechensk,53.6942,88.0603,300.13,50,5,3.83,RU,1690782945
342,tindouf,27.6711,-8.1474,305.4,14,0,4.63,DZ,1690782946
343,al qusayr,34.5091,36.5798,301.69,38,0,1.46,SY,1690782947
344,montepuez,-13.1256,38.9997,295.16,44,0,1.43,MZ,1690782948
345,sambava,-14.2667,50.1667,296.81,77,73,4.49,MG,1690782949
346,antonio enes,-16.2325,39.9086,296.3,62,2,2.23,MZ,1690782951
347,broome,42.2506,-75.833,288.17,84,40,0.98,US,1690782953
348,ayacucho,-13.1583,-74.2239,282.38,86,28,0.78,PE,1690782704
349,gadzhiyevo,69.2551,33.3362,284.54,92,39,4.26,RU,1690782955
350,shahabad,27.65,79.95,308.85,49,8,2.89,IN,1690782957
351,kapa'a,22.0752,-159.319,300.33,81,40,6.17,US,1690782958
352,isangel,-19.55,169.2667,296.21,68,75,2.57,VU,1690782959
353,praia da vitoria,38.7333,-27.0667,296.9,94,20,2.06,PT,1690782960
354,kharkhorin,47.1975,102.8238,300.23,52,97,2.6,MN,1690782963
355,nar'yan-mar,67.6713,53.087,299.67,64,73,4.34,RU,1690782964
356,baganga,7.5739,126.56,303.35,75,78,4.74,PH,1690782965
357,mytilene,39.11,26.5547,298.83,73,0,5.14,GR,1690782966
358,champerico,14.3,-91.9167,299.89,80,96,2.68,GT,1690782968
359,san patricio,28.017,-97.5169,302.51,83,76,3.43,US,1690782969
360,khao wong,16.7001,104.0902,298.68,93,100,1.65,TH,1690782970
361,port macquarie,-31.4333,152.9167,294.2,54,2,4.14,AU,1690782971
362,umm kaddadah,13.6017,26.6876,299.71,65,97,8.14,SD,1690782974
363,gaspe,48.8334,-64.4819,288.1,100,20,1.54,CA,1690782975
364,puerto penasco,31.3167,-113.5333,304.24,65,40,9.05,MX,1690782977
365,elbasan,41.1125,20.0822,298.55,55,1,0.77,AL,1690782979
366,magadan,59.5667,150.8,285.96,84,100,3.76,RU,1690782922
367,arrifes,37.7667,-25.7,295.29,88,75,1.54,PT,1690782981
368,partapur,23.6,74.1667,304.7,65,83,6.33,IN,1690782983
369,quisqueya,18.5554,-69.4081,299.09,95,81,2.51,DO,1690782984
370,san martin,-33.081,-68.4681,283.45,48,84,2.27,AR,1690782985
371,lata,40.1629,-8.3327,285.01,93,3,0.91,PT,1690782986
372,kerikeri,-35.2268,173.9474,283.42,88,1,1.51,NZ,1690782987
373,bodaybo,57.8506,114.1933,300.11,49,86,2.46,RU,1690782989
374,puerto lempira,15.2667,-83.7667,299.24,91,88,2.62,HN,1690782990
375,mogocha,53.7333,119.7667,303.83,35,83,5.33,RU,1690782991
376,punta arenas,-53.15,-70.9167,276.04,77,72,5.38,CL,1690782992
377,fabriano,43.3406,12.9073,296.82,58,31,0.93,IT,1690782994
378,yeniseysk,58.4497,92.1703,295.45,68,100,1.47,RU,1690782995
379,sumenep,-7.0167,113.8667,302.77,57,85,6.73,ID,1690782996
380,kone,-21.0595,164.8658,294.92,61,9,3.5,NC,1690782997
381,elliot lake,46.3834,-82.6331,283.7,98,14,2.23,CA,1690782998
382,childress,34.4264,-100.204,301.99,36,0,3.6,US,1690783000
383,dila,6.4167,38.3167,294.19,73,66,1.4,ET,1690783001
384,kasama,-10.2129,31.1808,290.67,36,20,1.41,ZM,1690783003
385,rahimah,26.7079,50.0619,311.27,29,5,4.17,SA,1690783004
386,gebeit,21.0667,36.3167,308.23,11,8,3.07,SD,1690783006
387,bakanas,44.8081,76.2772,308.4,15,28,2.7,KZ,1690783007
388,arendal,58.4615,8.7725,285.04,74,100,0.5,NO,1690783008
389,west bay,19.3667,-81.4167,302.59,84,72,0.45,KY,1690783009
390,arraial do cabo,-22.9661,-42.0278,292.62,80,66,5.48,BR,1690783010
391,la'ie,21.6477,-157.9253,300.13,76,67,7.84,US,1690783012
392,peace river,56.2501,-117.286,293.32,72,75,7.2,CA,1690782994
393,bozhou,33.8772,115.7703,305.52,68,85,4.02,CN,1690783014
394,kish,26.5578,54.0194,310.3,63,54,2.06,IR,1690783015
395,khorixas,-20.3667,14.9667,282.67,27,0,5.13,NA,1690783016
396,al wajh,26.2455,36.4525,304.12,74,0,2.57,SA,1690783018
397,santana,-0.0583,-51.1817,300.25,94,20,2.57,BR,1690783019
398,kaduy,59.2,37.15,291.93,67,100,2.12,RU,1690783020
399,kiruhura,-2.4773,29.7679,295.04,45,41,0.83,RW,1690783021
400,craigieburn,-37.6,144.95,289.14,64,75,9.26,AU,1690783022
401,daman,20.4167,72.85,301.61,83,52,6.53,IN,1690783024
402,san pedro pochutla,15.7333,-96.4667,299.66,73,82,1.93,MX,1690783025
403,huilong,31.8111,121.655,301.97,81,1,6.63,CN,1690783026
404,la tour-du-pin,45.5667,5.45,290.18,75,97,1.0,FR,1690783029
405,port angeles,48.1181,-123.4307,290.56,72,75,4.12,US,1690783030
406,emerald,-23.5333,148.1667,298.73,31,58,3.02,AU,1690783031
407,howard springs,-12.497,131.047,307.1,21,4,3.55,AU,1690783032
408,fortuna,40.5982,-124.1573,289.34,88,100,4.12,US,1690783034
409,ixtapa,20.7,-105.2,298.83,89,90,1.19,MX,1690783035
410,laguna,38.421,-121.4238,299.44,32,0,4.12,US,1690782905
411,nagqu,31.5,92.0,289.57,49,80,3.7,CN,1690783037
412,ujae,8.9322,165.7642,301.23,81,100,6.18,MH,1690783038
413,ryotsu-minato,38.0833,138.4333,303.49,63,90,1.23,JP,1690783040
414,mahanoro,-19.9,48.8,295.72,65,19,0.33,MG,1690783041
415,krasnyy chikoy,50.3643,108.7512,306.46,36,90,1.08,RU,1690783042
416,beledweyne,4.7358,45.2036,300.05,56,65,9.65,SO,1690783043
417,kudahuvadhoo,2.6708,72.8944,301.44,73,78,3.08,MV,1690783045
418,mugia,43.1041,-9.2179,288.1,83,0,1.28,ES,1690783046
419,mead,47.7674,-117.3549,295.22,31,0,0.45,US,1690783047
420,ola,59.5833,151.2833,286.8,81,100,3.84,RU,1690783048
421,domanivka,47.6319,30.9885,297.26,52,98,2.87,UA,1690783050
422,kavaratti,10.5669,72.642,301.5,75,96,7.6,IN,1690783051
423,cidreira,-30.1811,-50.2056,287.17,78,100,2.41,BR,1690783052
424,kiunga,-6.1219,141.2906,298.13,89,100,1.22,PG,1690783053
425,kavieng,-2.5744,150.7967,301.45,75,90,6.71,PG,1690783054
426,lepsy,46.235,78.9456,306.67,18,1,2.32,KZ,1690783056
427,gunjur,13.2019,-16.7339,298.19,100,75,0.0,GM,1690783057
428,nsanje,-16.92,35.262,296.89,45,5,2.41,MW,1690783058
429,axim,4.8699,-2.2405,296.9,92,32,2.16,GH,1690783059
430,pangody,65.85,74.4859,293.5,47,65,5.51,RU,1690783060
431,monticello,45.3055,-93.7941,291.05,93,75,0.0,US,1690783062
432,acajutla,13.5928,-89.8275,299.45,86,98,3.35,SV,1690783057
433,zest'aponi,42.11,43.0525,295.21,56,17,3.04,GE,1690783064
434,la ligua,-32.4524,-71.2311,286.45,82,99,0.73,CL,1690783065
435,al kharijah,25.4514,30.5464,304.38,26,0,3.24,EG,1690783067
436,zhongshan,21.3226,110.5829,304.29,67,99,4.98,CN,1690783068
437,rota,36.6224,-6.3586,294.22,88,0,0.0,ES,1690783069
438,beau vallon,-20.4189,57.6953,296.6,83,75,5.66,MU,1690783070
439,mtskheta,41.8451,44.7188,295.2,76,100,1.62,GE,1690783071
440,kilembe,0.2,30.0,292.55,75,81,0.98,UG,1690783073
441,tokar,18.4254,37.729,310.86,35,84,14.02,SD,1690783074
442,conde,-7.2597,-34.9075,293.85,100,0,2.57,BR,1690782782
443,vila velha,-20.3297,-40.2925,292.12,96,100,1.54,BR,1690783076
444,farrokh shahr,32.2717,50.9801,301.74,15,0,1.03,IR,1690783078
445,farap,39.1704,63.6116,310.15,19,0,5.14,TM,1690783079
446,churapcha,62.0025,132.4325,295.21,36,0,5.97,RU,1690783080
447,fengcheng,40.4536,124.0717,302.79,73,100,0.83,CN,1690783081
448,yuzhno-kurilsk,44.0306,145.8556,294.15,86,100,1.73,RU,1690783082
449,saint-philippe,-21.3585,55.7679,296.92,68,3,4.49,RE,1690783084
450,embi,48.8264,58.1442,302.91,29,3,5.56,KZ,1690783085
451,aleksandrovskoye,44.7142,43.0008,299.49,45,10,5.3,RU,1690783086
452,albertina,-22.2008,-46.6158,285.23,89,0,1.84,BR,1690783087
453,delice,39.9537,34.0259,294.22,38,0,1.63,TR,1690783089
454,dryden,49.7833,-92.7503,290.31,72,75,2.06,CA,1690783090
455,peniche,39.3558,-9.3811,292.2,92,0,5.81,PT,1690783091
456,palikir - national government center,6.9248,158.1611,301.48,75,50,3.52,FM,1690783092
457,garoua boulai,5.8833,14.55,291.73,99,100,1.22,CM,1690783093
458,new norfolk,-42.7826,147.0587,284.87,86,30,6.24,AU,1690783095
459,floro,61.5996,5.0328,288.13,88,75,2.06,NO,1690783096
460,rabo de peixe,37.8,-25.5833,295.88,88,75,1.54,PT,1690783097
461,brookings,44.3114,-96.7984,293.25,84,0,4.63,US,1690783098
462,riachao do jacuipe,-11.8069,-39.3856,291.85,95,21,1.78,BR,1690783100
463,sogndal,61.2283,7.1003,287.36,93,75,0.0,NO,1690783101
464,puerto santa,-8.9906,-78.6456,292.77,86,25,3.97,PE,1690783102
465,revda,56.801,59.9303,296.12,60,46,3.25,RU,1690783103
466,angaur state,6.906,134.13,302.05,75,40,3.67,PW,1690783105
467,adjumani,3.3779,31.7909,294.61,91,92,0.67,UG,1690783106
468,nagbalaye,9.2492,122.8759,305.09,74,23,2.75,PH,1690783107
469,konarka,19.9,86.1167,304.37,73,100,3.02,IN,1690782855
470,vrangel',42.7297,133.0839,298.66,69,30,6.47,RU,1690783109
471,dunedin,-45.8742,170.5036,285.26,61,76,3.13,NZ,1690783024
472,port hedland,-20.3167,118.5667,304.18,11,40,6.69,AU,1690782911
473,ad darb,17.7229,42.2526,311.79,31,82,4.08,SA,1690783114
474,la sarre,48.8002,-79.1996,280.19,88,73,2.33,CA,1690782849
475,sidon,33.5631,35.3689,304.99,66,2,3.59,LB,1690783116
476,booue,-0.0921,11.9385,296.81,78,44,1.8,GA,1690783118
477,prattville,32.464,-86.4597,295.88,96,0,2.06,US,1690783119
478,hammerfest,70.6634,23.6821,286.4,94,95,1.54,NO,1690783121
479,conception bay south,47.4999,-52.9981,288.0,96,98,1.43,CA,1690782992
480,bogale,16.2833,95.4,301.73,83,100,8.73,MM,1690783123
481,fort bragg,35.139,-79.006,299.06,83,100,1.54,US,1690783124
482,fauske,67.2588,15.3918,293.68,66,68,3.08,NO,1690783125
483,tavarnelle val di pesa,43.5618,11.1715,295.7,100,13,0.7,IT,1690783127
484,belyy yar,53.6039,91.3903,302.09,45,0,4.0,RU,1690783128
485,al faw,29.9776,48.4741,311.15,17,0,4.72,IQ,1690783129
486,thunder bay,48.4001,-89.3168,288.14,94,100,2.57,CA,1690783066
487,santa cruz,-17.8,-63.1667,293.85,88,0,2.57,BO,1690783131
488,riohacha,11.5444,-72.9072,300.18,79,100,4.22,CO,1690783133
489,tondano,1.3038,124.9112,303.2,58,25,2.36,ID,1690783134
490,morondava,-20.2833,44.2833,296.63,35,1,2.59,MG,1690783135
491,lerwick,60.1545,-1.1494,287.15,93,42,1.58,GB,1690783136
492,itoman,26.1247,127.6694,304.36,73,75,10.29,JP,1690783137
493,taro,-8.3862,115.28,297.15,59,67,1.77,ID,1690783139
494,taupo,-38.6833,176.0833,281.14,90,93,1.47,NZ,1690783140
495,dabrowa tarnowska,50.1746,20.9863,291.97,87,66,5.53,PL,1690783141
496,vila do maio,15.1333,-23.2167,299.59,84,93,1.46,CV,1690783142
497,princeton,25.5384,-80.4089,302.59,89,0,0.0,US,1690783144
498,mangrol,21.1167,70.1167,301.78,79,86,9.12,IN,1690783146
499,arkalyk,50.2486,66.9114,301.97,33,4,4.57,KZ,1690783147
500,tokmok,42.8417,75.3016,307.56,20,10,4.6,KG,1690783148
501,san fernando de apure,7.8878,-67.4724,295.9,98,96,1.44,VE,1690783150
502,kurchatov,51.6601,35.6521,294.49,62,91,2.71,RU,1690783151
503,grand falls-windsor,48.9332,-55.6649,284.54,93,96,1.34,CA,1690783152
504,illapel,-31.6308,-71.1653,289.55,60,84,1.21,CL,1690783153
505,coyhaique,-45.5752,-72.0662,274.57,97,96,0.93,CL,1690783155
506,kharabali,47.4196,47.2568,301.17,36,0,0.35,RU,1690783156
507,cole harbour,44.6724,-63.4751,289.81,95,2,1.03,CA,1690783157
508,nizhniy odes,63.6445,54.856,298.45,41,14,3.48,RU,1690783158
509,ulaangom,49.9811,92.0667,302.76,23,53,2.69,MN,1690783159
510,two rivers,44.1539,-87.5693,290.46,76,0,0.0,US,1690783161
511,moissala,8.3404,17.7663,294.72,98,100,3.24,TD,1690783162
512,anxiang,29.4,112.15,308.0,58,57,3.92,CN,1690783163
513,codrington,-38.2667,141.9667,287.12,75,55,9.12,AU,1690783164
514,khovd,48.0056,91.6419,300.24,26,100,3.41,MN,1690783166
515,hasaki,35.7333,140.8333,310.53,79,52,9.83,JP,1690783167
516,coracora,-15.0333,-73.7833,283.05,65,75,1.33,PE,1690783168
517,aboso,5.3617,-1.9473,295.56,98,72,1.16,GH,1690783169
518,seven pagodas,12.6264,80.1722,306.51,52,95,6.61,IN,1690783171
519,sinabang,2.4803,96.3801,301.43,76,77,1.85,ID,1690783172
520,kupang,-10.1667,123.5833,305.47,45,20,7.72,ID,1690783173
521,vorkuta,67.5,64.0,296.28,50,83,2.86,RU,1690783174
522,balqash,46.8481,74.995,306.48,27,0,2.0,KZ,1690783175
523,tepetzintla,21.1667,-97.8333,296.21,91,100,1.65,MX,1690783177
524,nadi,-17.8,177.4167,298.15,65,75,4.12,FJ,1690783178
525,bucerias,20.75,-105.3333,299.87,85,70,1.3,MX,1690783045
526,mahavelona,-17.6848,49.5087,293.14,72,43,3.4,MG,1690783180
527,gokceada,40.2011,25.909,298.83,73,0,2.57,TR,1690783181
528,port alfred,-33.5906,26.891,286.73,58,69,11.93,ZA,1690783183
529,thanh pho uong bi,21.0333,106.7833,302.14,60,100,4.48,VN,1690783184
530,consuegra,39.4625,-3.608,296.87,37,0,1.08,ES,1690783185
531,ca mau,9.1769,105.15,305.45,57,98,5.21,VN,1690783186
532,sarakhs,36.5449,61.1577,310.98,12,0,5.52,IR,1690783188
533,pekan,3.4836,103.3996,304.21,69,93,2.36,MY,1690783189
534,chui,-33.6971,-53.4616,283.1,80,100,2.43,UY,1690783190
535,puerto deseado,-47.7503,-65.8938,274.84,66,21,3.68,AR,1690783191
536,qulsary,46.9531,54.0198,304.6,24,2,3.04,KZ,1690783193
537,mossel bay,-34.1831,22.146,283.11,73,86,10.3,ZA,1690783194
538,letlhakeng,-24.0944,25.0298,278.08,37,0,3.04,BW,1690783195
539,constitucion,-35.3333,-72.4167,286.34,79,100,1.2,CL,1690783196
540,barra de santo antonio,-9.4047,-35.5072,294.75,84,16,3.82,BR,1690783197
541,illushi,6.6667,6.6308,297.14,96,100,1.11,NG,1690783199
542,hopelchen,19.7667,-89.85,296.15,98,81,0.85,MX,1690783200
543,punto fijo,11.6956,-70.1996,300.33,84,24,12.27,VE,1690783202
544,zaozersk,69.4005,32.4476,285.58,87,61,1.57,RU,1690783210
545,eyl,7.9803,49.8164,301.15,50,90,10.02,SO,1690783214
546,koungheul,13.9833,-14.8,297.89,87,100,2.4,SN,1690783216
547,goonellabah,-28.8167,153.3167,293.24,61,42,4.3,AU,1690783218
548,markha,62.1053,129.7269,294.13,46,0,5.0,RU,1690783219
549,kisanga,-7.4362,37.7034,297.34,63,43,1.85,TZ,1690783220
550,upington,-28.4478,21.2561,274.36,80,0,0.51,ZA,1690783222
551,ishigaki,24.3448,124.1572,304.22,74,40,5.66,JP,1690783223
552,kourou,5.1552,-52.6478,296.18,92,3,2.58,GF,1690783208
553,valladolid,41.5833,-4.6667,291.92,74,0,1.3,ES,1690783160
554,nampula,-15.1165,39.2666,291.12,100,40,3.6,MZ,1690783224
555,yamada,39.4667,141.95,304.78,55,86,4.81,JP,1690783228
556,anaconda,46.1285,-112.9423,289.49,32,6,2.41,US,1690783230
557,sanya,18.2431,109.505,303.24,74,75,1.0,CN,1690783232
558,itaituba,-4.2761,-55.9836,296.66,77,4,0.19,BR,1690783235
559,perumpavur,10.1333,76.4833,302.1,79,40,3.6,IN,1690783236
560,dikhil,11.5,42.1667,306.7,28,65,1.41,DJ,1690783238
561,tchintabaraden,15.8969,5.7985,304.53,46,19,6.71,NE,1690783239
562,robore,-18.3333,-59.75,295.61,60,0,0.85,BO,1690783240
563,shingu,33.7333,135.9833,305.95,54,100,3.07,JP,1690783242
564,kayapinar,37.5574,41.165,300.44,17,0,3.26,TR,1690783243
565,muisne,0.6,-80.0333,298.71,82,90,5.96,EC,1690783244
566,uacu cungo,-11.3634,15.1208,290.33,74,26,1.4,AO,1690783245
567,yaren,-0.5472,166.916,301.77,72,14,2.71,NR,1690783247
568,yumaguzino,52.9041,56.3933,298.2,51,6,2.78,RU,1690783248
569,le mars,42.7942,-96.1656,294.58,100,0,1.54,US,1690783249
570,fiambala,-27.6871,-67.6149,287.98,31,20,1.9,AR,1690783250
